"Do You Want to #Wandermore? Here are Some Ideas to Get You Started","https://www.onairparking.com/blog/general/do-you-want-to-wandermore-here-are-some-ideas-to-get-you-started/"
"Great Suggestions For a #TravelDestination","https://www.onairparking.com/blog/general/great-suggestions-for-a-traveldestination/"
"Have You Been Bitten By the #TravelBug?","https://www.onairparking.com/blog/general/have-you-been-bitten-by-the-travelbug/"
"Rethinking #Tourism","https://www.onairparking.com/blog/general/rethinking-tourism/"
"The Best Places in the World to Watch the #Sunset","https://www.onairparking.com/blog/general/the-best-places-in-the-world-to-watch-the-sunset/"
"A Few Great Tips for #NaturePhotography","https://www.onairparking.com/blog/general/a-few-great-tips-for-naturephotography/"
"Going on a #LastMinuteTrip!","https://www.onairparking.com/blog/general/going-on-a-lastminutetrip/"
"Planning the Dreaded #FamilyRoadTrip","https://www.onairparking.com/blog/general/planning-the-dreaded-familyroadtrip/"
"There’s So Much to #Explore!","https://www.onairparking.com/blog/general/theres-so-much-to-explore/"
"It’s Time to Go #BacktoSchool!","https://www.onairparking.com/blog/general/its-time-to-go-backtoschool/"
"5 Quirky Date Night Destinations near Times Square, NYC","https://www.onairparking.com/blog/times-square-ny/5-quirky-date-night-destinations-near-times-square-nyc/"
"5 Quirky Date Night Destinations in Sacramento","https://www.onairparking.com/blog/sacramento-ca/5-quirky-date-night-destinations-in-sacramento/"
"5 Quirky Date Night Destinations in Salt Lake City","https://www.onairparking.com/blog/salt-lake-city-ut/5-quirky-date-night-destinations-in-salt-lake-city/"
"5 Quirky Date Night Destinations in San Francisco","https://www.onairparking.com/blog/san-francisco-ca/5-quirky-date-night-destinations-in-san-francisco/"
"5 Quirky Date Night Destinations in Seattle","https://www.onairparking.com/blog/seattle-wa/5-quirky-date-night-destinations-in-seattle/"
"5 Quirky Date Night Destinations in Raleigh","https://www.onairparking.com/blog/raleigh-nc/5-quirky-date-night-destinations-in-raleigh/"
"5 Quirky Date Night Destinations in Queens, NYC","https://www.onairparking.com/blog/queens-ny/5-quirky-date-night-destinations-in-queens-nyc/"